coord_x,coord_y,collar,roots,tree_crown,trunk
1915057.30358,4222168.08422,0,0,1,0
1912500.28341,4221863.75518,0,0,1,0
1914660.04776,4221734.9178,0,0,1,0
1913176.88635,4224369.45758,0,0,1,0
1913846.18687,4224741.54834,0,1,0,1
1914777.03565,4222480.32669,0,0,1,1
1915544.08025,4223194.60386,0,0,0,1
1915375.02016,4225286.65019,0,0,1,0
1913987.92202,4221672.56806,0,0,1,1
1914964.55696,4222554.91506,0,0,1,1
1914805.93832,4222265.18845,1,0,1,0
1915715.84124,4223443.31305,0,0,1,1
1914194.10001,4224948.56739,0,0,1,0
1914726.51821,4221752.03623,0,0,1,0
1915478.58147,4224558.6088,0,0,1,0
1914421.49192,4221527.98374,0,0,1,1
1914334.07367,4221975.56129,0,0,1,0
1914679.96262,4221640.21737,0,0,1,0
1914382.89306,4224030.22525,0,0,1,0
1913418.2494,4225312.56931,0,0,1,0
1915494.30076,4222776.9628,0,0,0,1
1913403.81308,4223608.31823,0,0,0,1
1913863.30736,4223346.04061,1,0,0,1
1915478.97033,4224599.38375,1,0,0,1
1913133.95835,4224412.33247,1,0,1,0
1915540.18291,4223262.17349,0,0,0,1
1914524.76106,4223839.46951,0,1,0,0
1914235.59074,4221623.69337,0,0,1,1
1915116.53179,4221805.49862,0,0,0,1
1915594.77653,4222913.95806,0,0,0,1
1913399.91163,4225349.78282,1,0,1,1
1913793.7869,4223626.80955,0,0,1,0
1915637.63594,4223958.69534,0,0,0,1
1913149.757,4224130.21521,1,1,0,0
1914258.84646,4224158.92308,0,0,1,0
1915939.0489,4222874.6124,0,0,0,1
1914122.72957,4224908.67063,0,0,1,1
1915134.93296,4224658.74888,0,0,0,1
1915874.57097,4223134.11247,1,0,0,0
1914962.30753,4225222.61161,1,0,0,1
1915327.55993,4225113.55796,0,0,1,1
1914729.69218,4223836.48931,0,1,0,0
1914586.88229,4223843.36307,0,1,0,0
1913366.04009,4225418.13946,1,0,1,1
1915242.34515,4224986.57372,0,0,1,1
1915191.9926,4222915.36919,0,1,1,0
1914744.51282,4225427.05561,0,0,1,0
1913815.6858,4223295.80336,0,0,0,1
1913841.83174,4221501.19522,0,0,1,0
1912694.14346,4221939.02453,1,0,1,1
1915518.22502,4223277.12283,0,0,1,0
1914300.91228,4223938.2321,0,1,0,0
1914687.20612,4225397.19888,0,1,0,0
1915357.49528,4221543.77539,0,0,1,0
1914652.8821,4221565.05491,0,0,1,0
1915537.15986,4223337.45575,0,0,0,1
1912910.71647,4224794.28444,0,0,1,0
1914859.00424,4222598.11084,0,0,1,0
1915181.49061,4222683.6129,0,0,1,1
1915375.64578,4224632.09955,0,0,1,0
1914732.87567,4222602.64604,0,0,0,1
1914120.78407,4221825.21065,0,0,0,1
1912538.47998,4222482.40277,1,0,0,0
1915651.45015,4225193.36394,0,0,1,0
1915045.02182,4223318.03576,0,0,1,0
1915361.67939,4222420.13772,0,0,1,0
1913485.67159,4225177.18824,1,0,1,1
1912597.95722,4223059.88951,0,0,1,0
1913464.44375,4225238.1517,0,0,1,0
1914370.18394,4224036.11012,1,1,1,0
1915235.48732,4225100.40162,0,0,1,0
1915546.43422,4224347.31323,0,1,0,0
1914972.89557,4224581.10334,0,0,1,0
1913592.29716,4223286.99919,0,1,0,0
1912644.36968,4223223.22196,0,0,1,1
1912499.27325,4221786.60123,0,0,1,0
1915669.79781,4225325.71023,0,0,1,0
1915047.10241,4222710.61302,0,0,1,0
1914424.18439,4221342.43343,1,0,0,1
1914979.0407,4222308.80104,1,0,1,0
1912428.42215,4222591.93031,0,0,1,0
1914234.64249,4224911.02798,1,0,0,0
1915311.27438,4224656.03488,0,0,1,0
1914854.00009,4222617.90383,0,1,1,0
1915215.2833,4221657.59441,0,0,1,1
1915677.88698,4225252.99599,0,0,1,1
1915035.41063,4224831.70882,0,0,1,1
1914746.24856,4222479.09219,0,0,0,1
1913075.97313,4221982.25161,0,0,1,0
1912806.73698,4224205.65649,0,0,1,0
1914204.53019,4223066.04547,1,1,1,0
1912628.90527,4223185.14259,1,0,0,0
1913459.98735,4225612.18001,0,0,1,1
1916208.35879,4223272.06984,0,0,1,0
1916187.36786,4223259.68836,0,0,1,0
1912698.32024,4222773.16598,0,0,0,1
1914269.43894,4224314.43955,0,0,1,0
1914655.81086,4222118.48776,0,0,1,0
1915342.93586,4225117.25068,0,0,1,0
1913750.23493,4223186.82781,0,0,1,0
1914398.15312,4224093.03333,0,0,1,0
1913090.68072,4222093.89929,1,0,1,1
1914390.46048,4224096.80673,0,0,1,0
1914983.03079,4222026.74699,1,1,1,1
1912761.60668,4221458.94344,0,0,0,1
1915476.4469,4223617.68441,0,0,1,0
1915338.24502,4225061.20065,0,0,1,0
1912552.48569,4224691.71659,0,0,1,0
1915607.7421,4223215.02506,1,0,0,0
1913420.17909,4225327.19307,1,0,1,1
1915271.1895,4222169.75537,0,0,1,0
1914442.27962,4223919.0255,0,0,0,1
1914317.11413,4221394.25371,0,0,0,1
1915284.45952,4224740.23565,0,0,1,0
1914644.75067,4221716.42481,0,0,1,0
1913833.50141,4223288.87118,1,0,1,0
1913430.91257,4225585.48681,1,0,1,0
1912585.12651,4221792.43571,1,0,1,1
1915110.59493,4222823.94118,0,0,1,0
1914894.15262,4224492.79782,0,1,0,0
1915333.25592,4225103.706,0,0,1,0
1916232.44345,4223281.11732,0,0,1,1
1913925.6558,4223282.50696,0,1,1,0
1914446.65872,4221692.95663,0,0,1,1
1914259.68642,4224081.76461,0,0,1,0
1912495.65487,4222537.17561,0,1,1,1
1914437.36715,4222807.64507,0,0,1,0
1914904.18279,4224417.7013,0,0,1,0
1914606.10018,4223337.7659,0,0,0,1
1914478.32614,4224110.78858,0,1,0,0
1913485.43321,4225383.43574,1,1,1,1
1914965.12747,4224460.07913,0,0,1,0
1913725.81581,4223332.95877,0,0,1,1
1912723.90734,4223623.17729,0,0,0,1
1914935.17644,4225260.58108,0,1,0,0
1913704.63819,4221687.3667,0,1,0,0
1915728.22266,4225370.12835,0,0,1,0
1915138.10547,4224846.13429,1,0,1,0
1914487.78447,4225225.7781,1,1,1,0
1915221.8093,4222098.50433,1,0,0,1
1914876.2335,4225341.65459,0,0,1,0
1915021.66261,4224474.10419,0,1,1,0
1915701.44901,4225358.23591,0,0,1,0
1915000.32503,4225195.13307,0,1,0,0
1914156.71456,4224998.53962,0,0,1,0
1914237.07136,4221984.96259,0,0,0,1
1915107.54638,4222838.72245,0,0,1,0
1914250.048,4221443.37193,1,0,0,0
1912858.21991,4221933.94584,1,0,0,1
1915109.71716,4222566.69633,0,0,0,1
1912896.96441,4222684.91733,1,0,0,0
1914106.77665,4222615.16572,0,0,0,1
1915044.70578,4222645.94221,0,0,0,1
1914332.03747,4222555.91929,1,1,1,1
1912695.64289,4223090.22027,0,0,1,0
1912514.54277,4222475.64515,0,0,0,1
1915643.95227,4224209.6402,0,1,0,0
1913493.02763,4225180.7825,1,0,1,0
1914218.7229,4221968.36636,1,0,1,0
1913096.95465,4221985.59243,0,0,0,1
1915149.41128,4221485.76013,0,0,1,1
1912396.81949,4221730.0382,0,0,1,0
1913787.54051,4223166.91852,0,1,0,1
1915332.19982,4221743.5643,0,0,1,0
1914280.04587,4224474.40735,0,0,1,0
1913944.14224,4224526.33681,1,1,0,0
1913416.0441,4224592.25019,0,0,0,1
1913679.07373,4222456.92144,0,0,1,0
1913599.27859,4223275.20402,0,0,0,1
1914375.20539,4224127.53189,0,1,0,0
1913881.10277,4223199.40233,0,0,1,0
1913805.8115,4224819.0119,0,1,0,0
1913789.38856,4223541.41932,0,0,0,1
1915627.69012,4225305.94558,0,0,1,1
1913233.73127,4225497.07411,0,0,1,0
1912905.61662,4224789.78697,0,0,1,0
1916024.86843,4223185.07143,0,0,1,0
1914873.49206,4222724.15551,0,0,1,0
1913477.14115,4224765.44159,0,0,1,1
1912981.55302,4223047.2035,0,0,1,0
1915279.26628,4223215.2007,0,0,0,1
1914959.41069,4224602.67562,0,1,0,0
1913180.10379,4225878.11328,0,0,1,0
1912747.45901,4221759.93408,0,0,0,1
1914913.64468,4222497.34682,0,0,1,0
1916245.46281,4223286.88577,0,0,1,0
1915619.61704,4224620.65077,0,0,1,0
1914028.67716,4221709.62243,0,0,1,0
1915444.43937,4223334.6149,0,1,1,0
1913536.96639,4225273.04124,1,1,1,1
1915388.0456,4224595.11397,0,0,1,0
1914541.87124,4221833.23454,1,0,1,1
1915561.85956,4223193.34525,0,0,1,0
1914153.20589,4221556.05789,0,0,0,1
1913174.27951,4223574.25736,0,0,0,1
1914796.61807,4223944.88387,0,0,1,1
1912530.10725,4221689.2499,0,0,1,0
1916079.30808,4223216.15244,0,0,1,0
1913779.34298,4223922.68543,0,0,1,1
1915348.47819,4225378.82481,0,0,1,0
1913769.72685,4224888.79508,0,0,1,0
1915546.97402,4225020.98294,0,0,1,1
1914113.4436,4222817.63811,0,0,1,0
1913438.83401,4225576.90826,0,0,1,0
1915719.23921,4225368.50816,0,0,1,0
1914424.56577,4222814.11233,0,0,1,0
1915311.1246,4224796.29789,0,0,1,0
1913549.25654,4225226.72428,1,0,1,1
1915330.60728,4225073.72144,0,0,1,0
1915636.20417,4222967.12389,0,0,1,0
1915518.26248,4223167.36228,0,0,1,0
1914150.26682,4221472.31906,0,0,0,1
1914826.92481,4222261.62309,0,0,1,0
1913909.04604,4221718.2362,0,0,0,1
1912854.42251,4223204.1046,0,0,1,1
1914342.48573,4222095.71888,0,0,1,0
1914249.01901,4224913.34562,0,1,1,0
1914913.50133,4221752.86051,0,0,0,1
1915543.43979,4223238.05466,0,0,0,1
1914946.09098,4224496.14705,1,0,1,1
1912504.57765,4223713.86583,0,0,1,0
1913230.64985,4225571.30948,0,0,1,0
1913469.75171,4225638.87142,0,0,0,1
1912567.06168,4221823.40722,1,0,1,1
1913715.14521,4223340.20688,0,1,0,1
1914995.51065,4225246.24029,0,0,1,0
1913239.8787,4223045.8636,0,0,1,1
1914818.20376,4222310.30388,0,0,0,1
1913399.54478,4225602.37969,1,0,1,0
1912577.4594,4222505.50673,0,0,0,1
1915630.64177,4225315.80225,0,0,1,0
1913425.61134,4225593.7417,0,0,1,0
1912599.89003,4223206.55744,0,0,1,0
1914600.08784,4221731.81491,0,0,1,0
1913339.58012,4222306.86819,1,0,1,1
1912685.84128,4223165.49724,0,0,1,1
1915276.34105,4224627.02978,0,0,1,0
1914746.70938,4223853.70943,0,1,0,0
1912516.18943,4222506.34856,0,0,1,0
1914737.27239,4222863.10103,0,0,1,0
1914987.75316,4222028.4713,1,1,1,1
1914033.46508,4224354.39309,0,0,1,0
1913376.27895,4225479.35422,1,0,1,0
1915303.27134,4223026.35043,0,0,0,1
1916011.15938,4223179.77448,0,0,1,1
1915652.43557,4225388.33631,1,0,1,0
1915666.46774,4223035.99977,0,0,1,0
1913267.84974,4223070.2286,0,0,1,0
1915366.11025,4225206.62832,0,0,1,0
1914066.54255,4221721.82152,1,0,1,1
1914990.257,4225574.25215,0,0,0,1
1915192.18574,4222171.93895,0,0,1,0
1914325.6392,4224035.37509,1,1,0,0
1914782.38638,4225453.48681,0,1,1,0
1915577.1058,4225166.44375,0,0,1,0
1913380.80005,4225482.24088,1,0,1,0
1915291.45265,4224627.50615,0,0,1,0
1915421.54774,4224609.79972,0,0,1,0
1913644.67296,4224806.93096,0,0,0,1
1912775.89807,4221856.81455,0,0,1,1
1913824.80883,4223245.8114,1,0,1,1
1915715.92235,4224593.6212,0,0,1,0
1915150.22875,4222822.45345,0,0,1,1
1912588.01942,4221826.11026,1,0,1,1
1914383.96298,4221798.93648,0,0,1,1
1915385.40605,4224575.02913,0,0,1,1
1912767.93933,4222063.35674,0,0,1,0
1914385.66995,4224096.38679,0,0,1,0
1914625.17424,4222116.56729,0,0,1,0
1913748.13325,4223282.34385,0,1,1,0
1914461.78867,4224319.20895,0,1,1,0
1913444.70949,4224888.75008,0,0,1,0
1915132.36519,4223162.38974,0,0,0,1
1914191.78321,4223766.31017,0,0,0,1
1914265.6487,4224082.17074,0,0,0,1
1914913.25154,4221359.46296,0,0,1,0
1915352.43492,4225321.78663,0,0,1,0
1915564.63656,4225184.73416,0,0,1,0
1912813.64608,4224213.6346,0,0,1,0
1915336.0221,4225072.52673,0,0,1,0
1914750.13898,4223837.74547,0,1,0,0
1915661.30585,4224444.57281,0,0,0,1
1914553.60281,4221905.48946,1,1,0,1
1912612.62796,4221882.29998,0,0,1,0
1912525.47575,4222507.34359,0,0,0,1
1916022.79434,4223428.64139,1,0,0,1
1913527.38201,4225293.57089,1,1,1,1
1915687.16697,4223515.47039,0,0,0,1
1915258.69294,4225193.93349,0,0,1,0
1915263.81077,4222252.85371,0,0,1,0
1915605.48978,4222457.53122,0,0,1,1
1913352.38879,4222354.65258,0,0,1,1
1912641.86023,4222887.6436,0,0,0,1
1913339.1424,4224187.68662,0,0,1,0
1916091.15608,4223220.33731,0,0,1,0
1915477.73661,4223563.58967,0,0,0,1
1912858.27274,4225652.47109,1,0,1,1
1915081.92483,4225043.13791,0,0,1,0
1915041.6284,4224751.5344,0,0,1,1
1915429.49019,4223186.85684,1,1,0,0
1912613.01178,4221912.59777,1,0,1,1
1915014.58568,4222881.4299,0,0,0,1
1915341.78969,4222683.25012,0,0,1,0
1915735.51979,4222898.99513,0,0,1,0
1913269.84744,4223616.04886,0,0,1,0
1913713.30694,4223326.13979,0,0,0,1
1912467.38112,4222164.7206,1,0,1,1
1914306.02619,4221385.04552,0,0,1,1
1914767.83323,4222478.0664,0,0,1,1
1915302.16936,4222137.50805,0,1,1,0
1913243.49446,4223066.31999,0,0,1,0
1915155.40406,4224662.18163,0,0,0,1
1914862.27509,4224418.04706,0,1,0,0
1912769.01316,4221861.36784,1,0,0,0
1913786.68038,4223299.91001,0,1,0,1
1912969.0832,4221416.7873,0,0,1,0
1913626.19714,4223242.21431,0,1,1,0
1914463.89799,4222795.15921,0,0,1,0
1915374.5615,4222115.30039,0,0,1,0
1913576.38094,4225187.88488,1,0,1,1
1914360.80766,4222092.78549,0,0,1,0
1912813.85489,4221837.20417,0,0,1,0
1912545.53804,4222317.41338,0,0,0,1
1913383.86544,4225400.54749,1,0,1,1
1914344.97811,4221801.63929,0,0,1,0
1914913.38133,4222233.26891,0,1,0,0
1915502.69495,4225133.65381,0,0,0,1
1912683.43202,4223166.37819,0,0,1,1
1912657.70497,4223234.32483,0,0,0,1
1915382.65297,4222123.74965,0,0,1,0
1912995.20195,4223053.94108,0,0,1,0
1913203.39159,4223112.10488,0,0,1,0
1913012.26603,4222107.30817,1,0,0,0
1914816.82412,4222232.50716,0,0,1,0
1914814.12531,4222281.48344,0,0,0,1
1915659.96636,4224264.2426,0,0,1,0
1913663.1167,4223713.53428,0,0,0,1
1915715.75347,4225164.58997,0,0,1,0
1912501.48791,4221950.79656,0,0,1,1
1914722.89193,4225060.60114,0,0,1,0
1915145.6316,4222161.30003,0,0,1,0
1913470.58894,4225396.43683,0,0,1,0
1915337.74389,4221916.7011,0,0,1,0
1914454.932,4223965.73105,0,0,0,1
1914151.02963,4221665.61236,0,0,0,1
1913862.13722,4224601.79465,1,0,0,0
1915219.93277,4223118.16652,0,0,1,1
1912377.00095,4222612.58186,0,0,0,1
1912611.22243,4223254.93773,0,0,1,0
1915324.81746,4225101.80758,0,0,1,0
1915345.40441,4224861.61453,0,0,1,0
1913881.02703,4223495.02552,0,0,0,1
1914273.49275,4224094.08486,0,0,1,0
1914515.61141,4221911.19646,0,0,0,1
1915356.67498,4224821.56047,0,0,1,0
1913109.77617,4222766.23971,0,1,0,0
1914222.27938,4221915.93735,1,0,0,0
1914664.72612,4221738.78131,0,0,1,0
1913897.46652,4221639.8908,0,0,0,1
1913685.718,4225121.85448,0,0,1,0
1912747.84749,4221702.16929,1,1,0,1
1915323.71971,4221764.70575,0,0,1,0
1914074.42269,4224301.57223,0,0,0,1
1913807.57188,4223291.1539,0,0,0,1
1915331.60899,4224699.59701,0,0,1,0
1914966.67672,4225219.91909,0,0,1,0
1914640.15958,4221291.42698,0,0,1,0
1915996.06014,4223190.9957,0,0,1,0
1915518.78944,4225029.18906,0,0,0,1
1915347.96736,4222728.03172,0,0,1,1
1914222.09535,4222058.68511,0,0,0,1
1914168.72649,4224744.09399,0,0,0,1
1912823.26901,4223063.11231,0,0,1,1
1914820.52119,4221941.58652,1,0,0,1
1915461.28851,4223285.80375,1,0,0,0
1912628.48664,4223930.20197,0,0,1,0
1914859.68687,4222300.98409,0,1,0,0
1914158.36083,4222819.62216,0,0,1,0
1912743.88084,4222773.09399,0,0,0,1
1914008.1038,4223693.25851,0,0,0,1
1914901.74683,4222171.26217,1,0,0,1
1913818.82464,4223281.07042,0,1,1,0
1915148.05807,4224653.13789,0,0,0,1
1914857.10581,4222306.12292,0,1,0,0
1912653.70413,4222722.84032,0,0,1,0
1915346.9702,4225131.99179,0,0,1,0
1912645.07319,4222663.90846,0,0,1,0
1914379.04094,4224100.39617,0,0,1,0
1915992.29922,4223172.13066,0,0,1,0
1915396.48736,4224623.24578,0,0,1,0
1913467.54846,4225213.56125,1,0,1,1
1913761.00076,4223635.00916,1,1,0,0
1914939.94251,4222940.52091,0,0,1,0
1915667.58669,4223875.8467,0,0,0,1
1913620.58942,4223214.48961,0,1,0,0
1915354.47006,4224740.07051,0,0,1,0
1912768.24567,4221747.33309,1,0,0,1
1915332.42109,4225130.8317,0,0,1,0
1914942.96134,4223671.96291,0,0,1,0
1914784.66131,4221963.65607,1,0,0,1
1912496.92844,4222601.49287,0,0,0,1
1914185.83517,4224931.81249,0,0,1,0
1912467.83885,4223664.19887,1,0,1,0
1915533.7569,4223277.7703,0,0,0,1
1912972.93942,4223041.25896,0,0,1,0
1912683.10674,4223208.86219,0,0,0,1
1914571.90958,4221805.03278,0,0,0,1
1913775.8323,4223894.02775,1,1,1,0
1913762.87724,4223195.33078,0,0,1,1
1914818.18072,4220689.70225,0,0,1,0
1915008.28402,4224461.70356,0,1,0,1
1915324.88076,4222387.49689,0,0,1,1
1915665.49924,4225392.00667,0,0,1,0
1915320.30075,4225084.30045,0,0,1,0
1912672.64417,4221879.19383,1,0,1,1
1915042.6182,4224833.94755,0,0,1,0
1914775.0776,4222404.80067,0,0,1,0
1915331.97022,4222044.3149,0,0,1,0
1914318.42239,4224046.98502,0,0,1,0
1915698.90915,4225138.25908,0,0,1,0
1914796.29203,4224913.79555,1,0,1,0
1914577.20409,4223254.51785,0,0,0,1
1915646.12624,4224558.30876,0,1,0,0
1912391.4663,4221745.3478,1,0,1,1
1913434.10299,4224456.75009,0,0,1,0
1914090.41657,4221626.96132,0,0,1,0
1914143.39375,4221426.56569,0,0,0,1
1913291.42267,4224531.36144,0,0,1,0
1912802.45022,4221729.44626,1,1,0,1
1912595.0031,4221930.42629,0,0,1,0
1913081.10333,4224980.21485,0,0,1,0
1916113.94141,4223197.23083,0,0,1,0
1914196.97751,4222288.98665,1,0,0,0
1913750.30674,4221379.84962,0,0,0,1
1913105.98893,4222902.07484,0,0,1,0
1914744.10828,4222474.89078,0,0,0,1
1915006.8999,4222035.00767,1,1,1,1
1914102.13237,4221522.82552,0,0,1,0
1914466.03497,4221952.2327,1,0,0,0
1914814.83402,4222300.21997,0,0,0,1
1913824.69061,4223288.61546,0,0,1,0
1914224.03342,4222025.76815,1,0,0,0
1915072.43181,4224668.69803,0,0,1,0
1915094.81816,4221768.72583,0,0,0,1
1916075.90238,4223349.74797,0,0,1,0
1913835.73022,4224735.29269,1,1,1,1
1915221.89268,4222807.81143,0,1,1,0
1914265.39488,4223105.08448,0,0,1,0
1912727.92008,4221948.70538,1,0,1,1
1915694.89282,4225260.94522,0,0,1,1
1914708.02765,4221665.16467,0,0,0,1
1914305.86357,4221730.14216,0,0,1,1
1913879.56142,4223680.76045,0,0,0,1
1914155.30864,4225005.44439,0,0,1,0
1914915.57936,4222616.30911,1,0,0,0
1912699.11942,4222681.7329,0,0,1,0
1914382.30082,4224091.12272,0,0,1,0
1913376.33572,4225537.44792,1,0,1,0
1912665.41935,4223075.94023,0,1,1,0
1913760.04745,4223575.22312,0,0,1,0
1912791.71226,4221803.91138,1,0,0,0
1914618.40071,4221499.10647,1,1,0,1
1914991.38593,4221408.7423,0,0,1,0
1915030.21417,4225088.14897,0,1,1,0
1913680.90432,4225239.53585,0,0,0,1
1913554.34774,4225234.95502,1,0,1,1
1915850.28602,4224590.96025,1,0,0,0
1914290.62107,4224060.12269,0,0,0,1
1914188.6856,4222277.76827,0,0,1,1
1914129.12517,4224304.18165,0,0,0,1
1915055.20684,4224786.56727,0,0,1,0
1915669.49784,4223037.05352,0,0,1,0
1913621.17815,4224801.09031,0,0,0,1
1914486.15626,4222828.64231,0,0,1,0
1914346.73871,4221797.75648,0,0,1,0
1915647.55615,4225332.80576,0,0,1,0
1914881.04098,4225442.54657,0,0,1,0
1914542.46888,4221814.30211,0,0,1,0
1914730.41608,4221566.98601,0,0,1,0
1913627.10044,4224802.5626,0,0,0,1
1913817.05023,4224797.75587,0,1,0,1
1915546.88076,4222718.51082,0,0,0,1
1913682.83698,4225253.35969,0,0,1,0
1914786.89823,4225441.96926,0,1,0,0
1914954.81064,4222793.59666,1,0,0,0
1914459.8857,4223930.51583,0,0,0,1
1915385.29066,4224589.5046,0,0,0,1
1914980.07755,4221446.56822,0,0,0,1
1913828.55138,4223403.58445,0,0,1,1
1913988.00961,4221668.25787,0,0,1,1
1912984.53001,4224799.6023,0,0,1,0
1913363.63715,4225423.02595,1,0,1,1
1915708.2808,4225139.41954,0,0,1,0
1915262.17823,4222237.04872,0,0,1,0
1915136.77621,4224649.63109,0,0,0,1
1915390.29814,4224591.49746,0,0,1,1
1913159.54339,4224558.35678,0,0,1,1
1914288.74163,4223319.16995,0,0,0,1
1915131.34031,4222240.21179,0,0,1,1
1913555.7421,4225171.71198,1,1,1,1
1913191.28113,4225134.54512,0,1,0,0
1914954.78701,4222837.6998,0,0,1,0
1913876.95483,4221893.54339,0,0,0,1
1914860.6508,4222294.86851,0,1,0,1
1914988.10548,4221587.24457,1,0,1,1
1914725.29485,4225268.6267,0,0,1,0
1915594.29326,4225222.05309,0,0,0,1
1914797.70181,4225450.889,0,0,1,1
1914224.57922,4221882.42672,0,0,0,1
1915620.82337,4223577.701,0,0,1,0
1914730.83299,4222853.6235,0,0,1,0
1914506.36453,4225234.09845,1,1,1,1
1915504.68491,4223178.80005,0,0,1,1
1912642.58149,4221681.54027,0,0,1,0
1913270.7897,4223054.99508,0,0,1,0
1913398.65907,4224733.59548,0,0,0,1
1914815.07654,4222302.26271,0,0,0,1
1915053.86274,4222686.94783,0,0,0,1
1914331.76154,4224029.13978,1,0,0,1
1914881.92882,4222870.91576,0,0,1,0
1914825.43479,4220747.18062,0,0,0,1
1913440.94381,4225582.10678,0,0,1,0
1914956.004,4222297.81141,1,0,0,0
1912620.89109,4223930.39608,0,0,1,0
1915228.15727,4224683.44837,0,0,1,0
1912646.02775,4221955.28771,0,0,1,0
1913640.37385,4223285.07997,0,0,0,1
1912428.45761,4222539.74086,0,0,1,0
1913222.3207,4224126.11195,1,0,0,0
1915589.4763,4223655.77911,0,0,1,0
1913422.39917,4223865.48514,0,0,1,1
1913460.70731,4225436.74537,1,1,1,1
1915137.09258,4224832.4235,0,0,1,0
1914468.99516,4224302.36771,0,1,1,0
1915025.34384,4221448.36708,0,0,0,1
1914791.93327,4221954.72238,0,0,1,1
1914667.4165,4222119.43041,0,0,1,0
1912663.89364,4222778.37109,0,0,0,1
1915259.89321,4222833.94191,0,1,0,0
1913028.80014,4222175.36519,1,1,1,1
1912639.47811,4221851.64735,1,1,0,0
1914815.8113,4222233.76423,0,0,1,0
1915077.32721,4222452.37242,0,0,1,0
1912644.47882,4223929.67922,0,0,1,0
1914475.65866,4224113.73829,0,1,0,0
1914258.69347,4221788.95942,0,0,1,1
1914238.35676,4221596.28228,0,0,1,1
1914468.67012,4224045.81861,0,0,1,0
1915126.66634,4224676.35697,0,0,1,0
1914769.77204,4221931.5705,0,0,1,1
1915351.27401,4225197.96927,0,0,1,0
1914720.15703,4224086.87839,0,0,1,0
1914948.13842,4222498.28843,0,0,1,0
1913656.13453,4223165.09287,0,0,1,1
1914769.44538,4222405.40921,0,0,1,0
1915233.15452,4223120.66957,1,0,0,0
1915014.2734,4222931.29369,0,0,0,1
1913451.07815,4225529.92675,1,0,1,1
1914739.00286,4221595.83933,0,0,1,0
1915028.898,4225591.17773,0,0,0,1
1915034.96614,4221414.80405,0,0,1,0
1915252.96619,4225399.39162,0,0,0,1
1915047.63427,4221384.15213,0,0,1,0
1913352.06008,4222373.43797,0,1,1,1
1914214.99781,4222029.62566,0,0,1,1
1914293.36104,4224115.16075,0,0,1,0
1915547.09277,4225036.79308,0,0,0,1
1915324.56048,4221750.181,0,0,0,1
1914922.14566,4222034.37383,0,0,1,0
1913300.66055,4223009.71063,0,0,1,0
1913008.90821,4223037.30194,1,0,1,0
1912925.9932,4224797.53581,0,0,1,0
1914804.43697,4222277.01278,0,0,0,1
1913672.89273,4221619.6118,0,0,1,0
1913986.68226,4221730.98102,0,0,0,1
1913835.25357,4223518.26007,0,0,0,1
1914049.10341,4222709.03798,0,0,1,0
1914373.36254,4224135.10488,0,0,1,0
1914754.96562,4222476.55642,0,0,0,1
1912397.82132,4222149.56105,1,0,0,1
1915687.72949,4223495.0675,0,0,0,1
1912492.69895,4221718.11317,1,1,1,1
1915241.36989,4224684.82591,1,0,0,0
1913121.96366,4221401.91996,0,0,1,0
1914464.19084,4224300.11309,0,1,0,0
1914826.38742,4221936.7571,1,1,0,0
1914457.5804,4224091.0368,1,0,0,1
1915482.08965,4223069.22846,1,0,0,1
1912578.35829,4222337.70759,0,0,1,0
1913166.46691,4222776.61601,0,0,0,1
1915008.40814,4222835.95793,0,0,1,0
1914348.21131,4221715.60588,0,0,1,0
1913102.18753,4222083.8779,0,0,1,0
1913938.61163,4221645.10184,1,0,0,0
1915869.96851,4223131.65799,0,0,1,0
1916094.33962,4223222.92665,0,0,1,0
1915350.0714,4225083.96134,0,0,1,0
1913188.4912,4225112.16073,0,1,0,0
1913004.57802,4224820.96802,1,0,1,0
1914946.47581,4223291.07252,0,0,1,0
1915461.15198,4224466.66039,0,0,1,0
1915710.39954,4225255.94328,0,0,1,0
1914508.11064,4221857.45097,0,0,1,0
1915740.22663,4223448.43922,0,0,1,0
1914179.84446,4221662.73601,0,0,1,1
1914753.25624,4222414.08333,0,0,1,0
1912647.92395,4223183.95966,0,1,0,0
1914638.13627,4221715.8636,1,0,1,1
1915780.7985,4224501.05438,0,0,1,0
1912649.36629,4222887.37917,1,0,1,1
1913124.4967,4225312.31744,0,0,1,0
1915654.75889,4225180.74255,0,1,0,0
1915028.20814,4224771.76092,0,0,1,0
1915742.0223,4223675.53008,0,0,0,1
1915293.39666,4224713.39159,0,0,1,1
1915200.70409,4221526.36619,1,1,0,0
1914897.96814,4225298.62651,1,1,1,1
1915359.9254,4221666.74373,1,1,1,1
1912503.44478,4222156.4992,1,0,1,1
1914743.54663,4222442.55723,0,0,1,1
1913402.10168,4225363.66171,1,0,1,0
1914618.9258,4224006.72154,0,0,1,0
1914698.92969,4225199.60498,0,0,1,0
1914933.58634,4222568.30007,0,1,1,0
1914449.03777,4224025.20856,0,0,1,1
1913902.99234,4223309.06638,0,0,1,0
1913470.05802,4225662.99325,0,0,0,1
1915264.5457,4225358.5678,0,0,1,0
1913900.87114,4221366.52482,0,0,0,1
1913356.68198,4222371.10847,0,1,1,1
1914596.21539,4224065.7555,0,0,0,1
1912518.33844,4222625.38514,0,0,0,1
1913517.4302,4225295.81446,1,0,1,1
1915438.37729,4223139.90131,0,0,1,0
1912652.12602,4223929.59622,0,0,1,0
1914478.03371,4223942.13907,0,0,0,1
1912950.4876,4224841.48695,0,0,1,0
1913048.16152,4225711.55632,1,0,0,1
1914658.43093,4222114.5485,0,0,1,0
1915812.08146,4224591.06007,0,0,1,0
1915329.34204,4224660.68776,0,0,1,0
1913233.12305,4225417.4991,0,0,1,0
1914927.86386,4224401.72494,1,0,0,0
1915029.06009,4224769.24081,0,0,0,1
1913745.37916,4223269.91396,0,0,1,0
1914199.70596,4222444.221,0,0,1,1
1915081.0926,4224987.15736,0,0,1,0
1915803.98331,4224590.5594,0,0,0,1
1914166.43175,4223044.45434,0,0,0,1
1913454.82815,4223304.6481,0,0,1,0
1913121.654,4225289.96346,0,0,1,0
1913087.28847,4221864.79038,0,0,0,1
1914929.31633,4222561.57291,0,0,1,0
1913461.08568,4225581.25142,1,0,1,1
1915181.59637,4224857.66608,0,0,1,1
1914527.43111,4224056.14604,1,0,0,0
1914775.50529,4225362.72822,0,1,1,0
1913546.13814,4225252.15473,1,0,1,1
1916153.05017,4223246.72184,0,0,1,0
1914843.37655,4222594.89824,1,0,1,0
1913650.76633,4223745.33152,0,1,1,0
1914802.14107,4224690.86851,0,0,0,1
1915263.98337,4225375.88228,0,0,1,0
1915494.61685,4223293.47042,1,0,0,0
1913104.85192,4221256.4534,1,0,0,1
1912535.01589,4222558.44614,1,1,0,1
1913867.10238,4223341.45259,1,0,0,0
1912416.04492,4221688.39811,0,0,1,1
1914292.72865,4224070.18006,1,1,0,0
1914238.74906,4221930.26895,0,0,1,1
1913163.58397,4223110.58427,0,0,1,0
1915269.67473,4224617.95193,0,0,1,0
1913988.22597,4221663.78673,0,0,1,1
1914763.77721,4221626.0998,0,0,0,1
1914030.55889,4224624.91663,0,0,1,1
1913378.29962,4225543.32245,1,0,1,1
1915527.11938,4223478.31734,1,0,1,1
1914387.66706,4221743.1267,0,0,1,0
1915722.3272,4224588.88667,0,0,0,1
1914363.81858,4221721.50172,0,0,1,0
1912752.2212,4221460.72185,0,0,0,1
1915331.28771,4221757.9096,0,0,1,0
1912832.81758,4221969.652,1,0,1,1
1913487.88061,4225359.19019,1,0,1,1
1914585.57864,4221562.69634,0,0,1,0
1912589.73828,4222009.47621,1,0,1,1
1915626.14192,4222771.51027,0,1,0,0
1914888.68114,4222203.55684,0,0,0,1
1914020.98301,4224404.58814,1,1,0,0
1913380.42849,4225521.92898,0,0,0,1
1913620.2228,4223307.35321,0,0,0,1
1914770.1742,4222359.02158,0,0,1,1
1912661.26278,4223112.22741,0,0,1,0
1913414.90178,4225509.68019,0,0,1,1
1914480.40227,4221487.48022,0,1,0,0
1913602.77546,4221589.43039,0,0,0,1
1914801.15257,4222278.28693,0,0,0,1
1914277.22902,4221432.10878,0,0,0,1
1914404.53365,4224097.20488,1,0,1,0
1914109.13438,4224890.44497,0,0,1,0
1915331.05539,4224703.10077,0,0,1,1
1914901.71787,4224746.48258,1,0,0,1
1914916.74555,4222496.18364,0,0,1,0
1914043.94808,4221868.38258,0,0,1,1
1912437.16618,4223515.0706,0,0,1,0
1914115.39994,4221896.68808,0,1,0,0
1915639.89865,4225112.30777,0,0,1,0
1915357.57832,4225299.82165,0,1,1,1
1913042.13135,4223008.24223,0,0,1,0
1913708.40425,4222646.81853,0,0,0,1
1915010.90096,4224450.69516,0,1,0,1
1915354.44759,4224794.36897,1,0,0,1
1914464.23117,4224295.50032,0,0,1,0
1912678.26571,4221761.94837,1,0,0,0
1913699.88149,4223226.75196,0,1,0,0
1915233.83923,4223123.5204,0,1,1,0
1914594.71041,4223255.10739,1,0,0,1
1916025.15251,4223366.21045,0,0,1,0
1914120.88333,4224185.38729,1,1,1,1
1914268.29217,4224316.8439,0,1,0,0
1913648.62795,4225162.57539,1,0,1,1
1915598.05725,4225116.79766,0,0,0,1
1913142.90291,4222204.81179,0,0,0,1
1913657.7332,4225265.84598,0,0,1,0
1915368.29393,4223294.13072,1,0,0,0
1914141.42391,4221615.47003,0,0,0,1
1915989.26329,4223171.69937,0,0,1,0
1915167.14701,4223147.25001,0,0,1,1
1915820.34335,4223103.53704,0,0,1,0
1915150.70989,4224841.62008,0,0,1,0
1915139.69426,4223143.75674,0,1,0,1
1912653.88327,4221207.68801,0,0,0,1
1915529.23041,4224583.4453,0,0,1,0
1915194.15607,4223112.68988,0,0,0,1
1912649.05372,4222217.27809,0,0,0,1
1912572.31551,4222073.97118,1,0,1,1
1915443.93294,4223120.7817,0,0,1,0
1915893.99032,4223131.82984,0,0,1,0
1914831.09249,4221938.2993,1,0,0,0
1913237.80651,4224160.08644,0,0,1,0
1913131.96378,4222358.02906,1,0,0,0
1914598.34625,4222115.05915,0,0,1,0
1914831.10632,4222236.42703,0,0,0,1
1915427.14142,4223021.24432,0,0,0,1
1912400.96221,4224557.8212,0,0,1,1
1914166.33438,4224746.4317,0,0,0,1
1915024.44111,4224468.25137,0,1,1,0
1914790.42976,4225420.8102,0,0,1,0
1914488.36282,4225216.25487,0,0,1,0
1915613.57622,4225349.938,0,0,1,1
1913400.84436,4225578.13879,0,0,1,0
1914964.77862,4225220.80425,0,0,0,1
1913168.54376,4222760.07038,0,0,1,1
1914268.05372,4223883.17442,0,0,1,0
1912674.56573,4223181.98947,0,1,0,0
1913971.98607,4221676.83642,1,0,0,0
1915052.89744,4225206.90258,1,0,1,0
1913699.73946,4225122.296,0,0,1,1
1915024.34564,4224480.83163,1,1,0,0
1913245.35837,4223071.21049,0,0,1,0
1912683.52017,4223175.41785,0,0,1,0
1914465.26036,4224133.74417,0,1,1,0
1914975.5589,4225278.23683,0,0,1,0
1914874.47898,4222276.22562,0,0,1,0
1912910.42231,4221427.54739,0,0,1,0
1915100.2082,4225231.43497,0,0,0,1
1914316.47019,4221898.43907,0,1,0,0
1915600.50577,4223224.70836,1,1,0,0
1913943.31216,4221722.40708,0,0,1,0
1914760.90546,4225386.44517,0,1,1,0
1914852.49805,4222614.94545,1,1,1,0
1914792.8557,4220733.07304,0,0,0,1
1914412.71303,4221321.89101,0,0,1,0
1913421.92275,4225582.95671,0,0,1,1
1913876.86263,4223150.09076,0,0,1,0
1913384.97227,4225534.48332,0,0,0,1
1915300.5387,4221486.02015,0,0,1,0
1914244.16431,4221827.41447,0,0,0,1
1914131.20596,4221622.22613,0,1,0,0
1914919.4767,4225302.92411,0,1,1,0
1915011.13372,4224465.05571,0,1,0,0
1912444.32053,4222622.02935,0,1,1,0
1915302.6838,4224875.42298,0,0,1,0
1913712.39609,4225269.7275,0,1,1,0
1913387.81844,4225519.39371,0,0,1,0
1913656.10797,4225158.689,0,0,0,1
1914862.49787,4222153.45017,0,0,1,0
1914729.80937,4222871.62219,0,0,1,0
1914919.36863,4225297.85552,0,0,1,0
1913497.85008,4225357.03648,1,0,1,0
1914951.16692,4222681.09489,0,0,1,0
1915026.72321,4222688.81762,1,0,0,0
1913757.0549,4223630.03739,0,0,1,0
1913126.83026,4222170.3584,1,1,0,1
1915470.72093,4224499.96464,0,0,1,0
1915349.26535,4223570.97952,0,0,0,1
1915318.88637,4221728.24603,0,0,0,1
1913482.5232,4224685.07047,0,0,0,1
1913866.66927,4223299.65956,1,1,0,0
1913201.16333,4222794.944,1,0,1,1
1913439.36111,4225662.45614,0,0,0,1
1915394.73608,4222591.9503,1,0,1,1
1912563.21697,4223589.52889,0,0,0,1
1914510.86901,4225238.63406,1,1,1,1
1913433.06671,4225591.12994,0,0,1,0
1915420.84284,4223285.42776,0,0,1,1
1914909.33892,4222610.95661,0,0,1,0
1914825.06054,4222270.49689,0,0,1,0
1914416.60895,4224199.24239,0,0,0,1
1914512.54814,4221788.43087,0,1,0,1
1914009.77629,4221725.37798,0,0,1,1
1915052.4913,4224783.91999,0,0,1,1
1913304.03554,4224553.37603,0,0,1,0
1914617.39265,4222116.22583,0,0,1,0
1912688.23332,4223064.88785,0,0,1,0
1913376.15099,4225415.91269,1,0,1,0
1914201.78685,4223770.69146,0,0,0,1
1915347.71312,4224784.07177,0,0,0,1
1915612.81663,4224593.18804,0,0,1,0
1915638.17358,4224592.34818,0,0,1,0
1915214.63441,4223081.88315,1,1,1,1
1914664.15084,4225332.07985,1,0,1,0
1914288.48687,4224081.91453,0,0,1,0
1914377.12221,4224099.20073,0,0,1,1
1914903.99267,4221794.1375,1,0,0,1
1912931.54676,4225096.12506,0,1,0,0
1914196.36761,4221607.54777,0,0,1,1
1915149.50372,4221455.60869,0,0,1,0
1913057.18384,4222127.65595,0,1,0,1
1914803.14611,4222428.77857,0,0,1,0
1913506.09663,4225154.6763,0,0,1,1
1914990.20271,4225246.42016,1,1,1,0
1914316.14293,4224049.81083,0,0,1,0
1914459.40847,4224303.0407,0,1,1,0
1913882.61741,4223278.53103,0,0,1,0
1916233.3695,4223279.00984,1,0,0,0
1913073.50933,4221238.31111,1,1,1,1
1915813.25184,4223107.6229,0,0,1,0
1912465.42735,4222623.82236,0,1,0,0
1914901.90904,4225280.21163,0,1,1,0
1914192.31988,4224955.17101,0,1,1,0
1915465.47844,4224512.85255,0,0,1,1
1915318.39914,4222047.66361,0,0,1,0
1912428.54773,4222560.10091,0,0,1,1
1914273.42124,4221464.99795,0,0,1,0
1916081.22892,4223171.62606,0,0,1,0
1915568.25498,4224531.22307,0,0,1,0
1914464.71347,4221736.99511,0,0,1,0
1914519.44683,4222021.81904,0,0,0,1
1913398.99517,4225573.15929,0,0,1,1
1914160.12604,4223027.62364,1,0,0,0
1913690.48447,4225169.16777,0,0,1,1
1915019.92766,4223291.36938,0,1,0,0
1914908.91365,4222547.56783,0,1,1,0
1915690.87157,4222672.71278,0,0,0,1
1915512.12765,4223181.84701,0,0,1,1
1912520.79749,4222134.54307,0,0,1,0
1914855.46112,4222015.36819,0,0,1,1
1913360.88781,4222385.9192,0,1,1,1
1915264.76028,4225843.28079,0,0,1,0
1915107.13841,4221323.12141,0,0,1,0
1915406.97156,4223046.3658,0,0,1,0
1913658.44159,4223235.37261,0,1,1,0
1913857.52333,4222766.7381,1,0,0,0
1914178.56719,4221519.75243,0,0,0,1
1914703.18297,4224076.19721,0,0,1,0
1914874.9629,4220483.30723,0,0,0,1
1914005.99533,4222385.33819,1,0,0,0
1913368.00209,4222427.70407,0,0,1,1
1915362.49129,4224598.35264,0,0,0,1
1915499.41658,4223229.89048,0,0,0,1
1914967.03699,4223288.91721,0,0,1,1
1912664.47978,4221745.50988,0,0,1,0
1913821.61028,4223229.98723,0,0,1,0
1914825.24076,4222264.24825,0,0,1,0
1913098.09795,4221916.76338,0,0,0,1
1915000.90089,4222100.3836,1,0,1,1
1914750.98293,4221618.66679,0,0,1,0
1915509.66103,4222640.27273,0,0,0,1
1915554.3308,4223190.31392,1,0,0,1
1914436.81709,4221785.84952,0,0,1,1
1912627.41663,4223142.74857,1,0,1,0
1912584.2477,4221411.37584,0,0,0,1
1913780.84108,4223299.90392,0,1,1,1
1912570.60786,4224722.90464,0,0,1,0
1912563.25178,4223579.93072,0,0,0,1
1913252.84623,4223603.62613,0,0,0,1
1914466.33296,4221708.08007,0,0,0,1
1912513.89389,4223567.93138,0,0,0,1
1915691.95774,4224502.4668,0,0,0,1
1913898.96609,4223205.03892,0,0,1,0
1912596.5977,4223864.77135,0,0,0,1
1914618.77151,4221491.23453,1,1,0,1
1915387.39313,4222434.37389,0,0,1,0
1914756.72542,4222478.23019,0,0,1,0
1916105.75759,4223188.27543,0,0,1,1
1915636.43668,4225118.19454,0,0,1,1
1912576.852,4224712.52888,0,0,1,0
1915335.39057,4222290.21861,0,0,1,0
1915626.17403,4224248.70232,0,0,1,0
1912492.76909,4222541.0129,0,0,0,1
1914072.42847,4221981.32693,1,0,0,0
1913519.64077,4225290.60845,1,0,1,1
1915618.94973,4225298.68412,1,0,1,0
1912975.79632,4224816.24604,0,0,1,1
1914159.65894,4224321.18013,0,0,0,1
1912528.92334,4222088.52101,1,0,1,1
1913463.23653,4225431.36699,1,1,1,1
1913475.44726,4225405.07827,0,1,1,0
1913712.39124,4225196.71813,0,0,1,0
1913656.60064,4224966.7226,0,0,0,1
1913751.67738,4223629.21192,0,0,1,0
1912813.36534,4221753.48201,0,0,0,1
1915177.15329,4222804.86992,0,0,1,0
1915286.33491,4225386.44668,0,0,1,0
1914971.57768,4225217.47254,1,1,1,0
1914719.183,4225421.30568,0,0,1,1
1914340.68008,4222012.84653,0,0,1,0
1914891.93247,4222516.51891,0,0,1,0
1914770.86233,4222478.11427,0,0,0,1
1912776.43736,4221797.42399,0,0,0,1
1915274.19239,4223072.58281,1,0,0,0
1915318.41111,4225078.54456,0,0,1,1
1914884.73309,4224407.98079,0,1,0,0
1914371.11282,4224037.97292,0,0,1,0
1913488.05691,4224768.12819,0,0,1,0
1915103.68458,4222867.69725,0,0,1,0
1915134.99223,4222806.68972,0,0,0,1
1912587.5959,4222074.27619,1,0,1,1
1914247.51446,4224180.94574,0,0,1,0
1913422.84594,4225322.03363,1,0,1,0
1914065.84078,4221861.2616,1,0,0,0
1913759.06953,4224882.9779,1,0,0,0
1914815.77252,4222304.18846,0,0,0,1
1915587.93248,4222747.78206,1,0,1,0
1915545.95728,4222384.32669,0,0,1,0
1913473.749,4225649.4891,0,0,0,1
1915391.07962,4224797.88867,0,0,1,0
1913698.94655,4225161.40237,0,0,0,1
1913504.97212,4225341.07381,1,1,1,1
1912466.1226,4222404.37931,0,0,0,1
1912807.33144,4221904.1889,0,0,1,0
1915463.91416,4223195.29018,0,0,1,1
1915466.28869,4224454.33321,0,0,1,0
1914966.74904,4224538.83684,0,0,1,0
1915136.59107,4222171.72684,0,0,1,0
1914311.35299,4224055.59018,1,1,1,0
1912633.23763,4221765.58571,1,0,0,1
1914912.77912,4222517.75207,0,0,1,0
1915021.29924,4222853.48908,0,0,1,0
1915213.21517,4223085.2307,0,0,1,1
1915503.15081,4224587.16986,0,0,1,1
1912605.29271,4223203.25451,0,0,1,0
1915308.69454,4225716.13532,1,0,1,0
1913696.33548,4225215.54923,0,0,0,1
1914206.12801,4222177.58311,0,0,1,0
1915058.58475,4222682.50383,0,0,0,1
1915275.34903,4225398.76182,0,0,1,0
1915263.13237,4222185.97515,0,0,1,0
1913709.01384,4223320.33373,0,1,0,0
1915694.65728,4225336.31951,0,0,1,0
1915510.66215,4223164.22262,0,0,1,1
1914316.67612,4224052.77248,0,0,1,0
1912499.65855,4221808.58592,0,0,1,0
1913226.27365,4225620.9465,0,0,1,0
1914985.01122,4222726.84594,0,0,0,1
1914293.53668,4224363.85147,0,1,1,0
1914220.73172,4222082.39376,0,0,0,1
1915366.18865,4222708.94289,0,0,1,0
1915229.08125,4223114.2582,0,0,1,1
1915351.11004,4225068.6051,0,0,1,0
1915408.31624,4221842.56545,1,0,1,1
1915536.66342,4225138.31071,0,0,0,1
1912705.05945,4223107.98976,0,0,1,0
1914342.90403,4222101.88705,0,0,1,0
1913612.14459,4224786.49094,0,0,1,0
1914370.93663,4224033.1548,1,1,1,0
1915282.91651,4223095.90563,1,1,1,1
1914302.32292,4221714.56448,0,0,1,1
1914165.70488,4221852.94061,0,0,1,1
1913987.39365,4221686.08056,0,0,1,0
1915378.35007,4224583.69315,0,0,0,1
1915144.56116,4224664.40187,0,0,1,0
1914897.97554,4223366.86655,0,1,0,0
1913457.01762,4225680.53122,0,0,0,1
1914342.31135,4221783.39933,1,0,1,0
1914257.02959,4224076.59889,0,0,1,1
1915370.41247,4222110.96804,0,0,1,0
1915378.57347,4222119.48877,0,0,1,0
1912419.09297,4223645.29773,0,0,0,1
1912621.20203,4221946.90524,1,0,0,1
1915142.5996,4222172.96154,0,0,1,1
1915288.7345,4225291.10682,0,1,1,0
1915505.9034,4223236.23202,0,0,0,1
1913224.64002,4222754.33396,0,0,1,0
1914777.691,4225355.54264,0,0,1,0
1913675.67051,4225202.08961,0,1,1,0
1916098.72946,4223242.77732,0,0,1,0
1915168.14039,4225001.89822,0,0,1,0
1912562.18446,4221293.4466,0,0,0,1
1915504.40178,4223331.82957,1,0,0,0
1913246.67998,4223053.8665,0,0,1,0
1913389.08536,4225389.98948,1,0,1,0
1913842.91515,4224721.04132,1,1,0,0
1915367.88839,4222424.10062,0,0,1,0
1912646.09214,4223143.79797,0,0,1,0
1915664.64972,4225235.68848,0,0,1,0
1915818.65565,4223101.7653,0,0,1,0
1914479.73357,4225207.31726,1,0,1,1
1914978.3354,4225270.6261,0,0,1,0
1915323.23455,4222127.10187,0,0,1,0
1914334.77539,4224054.98416,0,0,1,0
1914347.21711,4224002.20666,0,0,1,0
1915494.9081,4224558.5007,0,0,1,0
1916113.76718,4223243.18841,0,0,1,0
1914900.28084,4222840.88516,0,0,1,0
1913606.57905,4224785.12495,0,0,1,0
1912500.21581,4221850.77711,0,0,1,0
1913914.06541,4221715.70773,0,0,1,0
1914937.25593,4222811.71047,0,0,0,1
1913937.48782,4224564.6114,0,0,1,0
1915542.18175,4223339.78875,0,0,0,1
1912586.0039,4221757.53193,1,0,1,1
1912494.19429,4221863.77098,0,0,1,0
1914665.70811,4222888.73815,0,0,1,0
1912433.34913,4222664.20618,0,1,1,1
1914033.68268,4221880.93925,0,0,0,1
1913785.51358,4223092.93208,0,0,0,1
1913754.88987,4223622.81349,0,0,1,0
1914998.49187,4221409.64878,0,0,1,0
1915043.01975,4225079.93568,0,0,1,0
1914182.48819,4224948.38671,0,0,1,1
1912517.82002,4223671.63193,0,1,0,0
1912687.17551,4223243.30493,0,0,0,1
1915345.24789,4224650.4402,0,0,1,0
1916017.82256,4223392.71854,0,0,1,1
1915220.63967,4221467.5427,0,0,1,0
1914980.20003,4222525.94598,1,0,0,1
1913563.09861,4223000.70186,0,0,1,0
1915589.88497,4223239.19755,1,1,0,1
1913963.27962,4223240.4188,1,1,1,1
1913713.32089,4223289.55281,0,0,0,1
1914139.98285,4221898.14608,0,1,0,0
1914869.96302,4225399.87896,0,0,1,1
1915693.99526,4225203.45139,0,0,1,0
1915006.88021,4225381.19997,0,0,1,0
1915017.25523,4224468.67533,1,0,0,0
1915811.12646,4223574.76219,0,0,1,0
1913417.67918,4225332.48125,1,0,1,1
1913529.70345,4225159.45922,1,1,1,1
1915547.0756,4225010.85601,0,0,1,0
1914750.28063,4222423.11615,0,0,0,1
1913390.8485,4225550.97918,0,0,1,1
1913645.83262,4223758.45313,0,1,0,0
1915051.98517,4222177.52316,0,0,1,0
1915049.62091,4222168.93187,0,0,0,1
1913889.05319,4222766.18508,0,0,1,0
1913744.22269,4222807.31556,0,0,1,0
1913904.37163,4221732.33882,0,0,1,1
1914916.01133,4222612.58628,0,0,1,0
1913772.2336,4223632.65296,0,0,1,0
1914914.06592,4224709.44694,0,0,1,0
1914003.72787,4224437.52807,0,0,1,1
1914363.68427,4224194.97605,0,1,1,0
1914449.41527,4223129.80621,0,0,1,0
1913985.76872,4223192.65608,0,0,1,0
1913703.01996,4223291.78202,0,1,1,0
1913794.88074,4223301.42817,0,0,1,1
1915702.78232,4225315.71211,0,0,1,0
1914907.58219,4222585.94359,0,1,0,0
1915173.67373,4224777.18598,0,0,1,0
1915568.59716,4222830.60817,0,0,1,0
1914232.79256,4221424.04144,0,0,1,0
1914963.07505,4224527.72774,1,0,0,1
1912538.3406,4222468.83979,0,0,1,0
1914209.09903,4222128.14221,0,0,1,0
1914644.19302,4221495.84291,0,0,1,0
1912670.81345,4222663.04492,0,0,1,0
1914902.08059,4221358.263,0,0,1,1
1914099.76134,4224252.60736,0,0,1,1
1915693.40985,4222474.98056,0,0,1,0
1913110.29185,4221875.19321,0,0,1,0
1914243.11025,4221819.33931,0,1,0,0
1913534.64637,4225258.4994,0,0,1,1
1913233.26488,4225526.80509,0,0,1,0
1913438.66896,4225552.55839,1,0,1,1
1915476.97144,4223177.04609,1,0,1,0
1914559.17042,4224185.9412,1,0,1,1
1915024.71503,4221639.40583,0,0,0,1
1913447.40155,4225543.4818,0,0,1,0
1914730.65272,4225221.95257,0,0,0,1
1914845.18622,4223896.23635,0,0,1,0
1914855.77292,4222726.76742,0,0,1,0
1912513.44905,4222151.91444,0,0,1,1
1915047.69681,4224743.97666,0,0,1,0
1914993.69807,4223308.40942,0,0,1,0
1914751.79814,4222417.69563,0,0,1,0
1912549.73677,4221829.11693,0,0,1,0
1914512.07202,4222496.67571,0,0,1,0
1912534.83161,4224681.89345,0,0,1,1
1915490.71692,4223280.50218,0,0,1,0
1914209.00011,4221819.7587,0,0,1,1
1912825.85452,4221825.65017,0,0,1,0
1914807.20156,4224054.65277,1,0,0,1
1913182.9969,4224143.4117,0,0,1,0
1912482.50195,4222392.62838,0,0,0,1
1915315.76373,4224740.09082,1,0,0,0
1912565.63537,4221262.24601,0,0,1,1
1912681.47445,4221757.84468,1,0,0,1
1912813.05684,4221696.63053,0,0,1,0
1915257.42384,4222174.09836,1,0,1,0
1915646.37075,4225102.38711,0,0,1,0
1915621.37086,4224394.43249,0,0,1,1
1915674.53926,4224485.0597,0,0,0,1
1914069.52075,4221983.84352,0,0,0,1
1913233.66422,4225506.77446,0,0,1,0
1913849.897,4223374.09928,1,0,1,0
1914678.56699,4222834.24856,0,1,0,0
1915680.37955,4225386.38766,0,0,1,0
1913012.59994,4225744.83831,0,0,1,0
1915868.45948,4223130.72812,0,0,1,0
1914228.62351,4221952.37967,0,0,0,1
1915338.97031,4221758.38181,0,0,1,1
1915044.63596,4222626.53489,0,0,1,1
1915694.72961,4225381.12794,0,0,1,0
1914504.51777,4223959.10304,0,0,0,1
1915681.30352,4224533.26731,0,0,1,0
1915717.48843,4225253.66937,0,1,1,0
1914088.87167,4224273.7488,0,0,0,1
1915070.28731,4221474.09214,0,0,1,0
1914964.09389,4222507.2665,0,1,1,0
1915130.67941,4224650.88276,0,0,0,1
1914456.77826,4221967.81959,1,0,0,0
1913023.13,4225715.03,0,0,1,0
1914361.41977,4222086.99048,0,0,1,0
1913450.3903,4225584.9469,0,0,1,1
1914420.07892,4222816.31882,0,0,1,0
1913228.434,4225601.08261,0,0,1,1
1914771.23433,4223196.87638,0,0,1,1
1913458.00514,4224261.39692,1,0,0,0
1915052.28609,4224753.81003,0,0,1,0
1915346.29226,4225180.00403,0,0,1,0
1913443.41695,4224403.53994,0,0,1,0
1915504.3232,4222933.54742,0,0,0,1
1916173.84272,4223256.66838,0,0,1,0
1915211.41101,4222811.67178,0,1,1,1
1915704.87911,4225369.09286,1,0,1,0
1912524.22618,4222139.74471,0,0,1,0
1913979.17435,4224485.05719,0,0,1,0
1912508.80399,4221822.75557,0,0,1,0
1912491.68584,4222527.13459,0,1,1,0
1915974.16036,4222591.15185,0,1,0,0
1913736.30533,4223294.39143,0,0,1,1
1913668.29419,4223328.99895,1,0,1,0
1915624.33546,4222446.62179,0,0,0,1
1914814.59111,4223976.2052,0,0,1,0
1915635.19849,4224616.94235,1,0,0,1
1912489.28163,4222533.71394,0,1,0,1
1915411.35454,4222153.71565,1,0,1,0
1913688.43706,4225119.38333,0,0,0,1
1914988.42443,4222600.90325,0,0,1,1
1915603.63915,4224563.27846,0,0,1,0
1912629.67561,4222036.37381,1,0,0,1
1912815.23494,4221814.09631,0,0,1,0
1914222.02929,4222062.66817,1,0,0,0
1914370.80024,4224198.48686,0,1,1,0
1914163.86397,4222104.10296,0,0,1,0
1915628.26023,4223630.70905,0,0,1,0
1914218.96023,4221966.55177,1,0,0,0
1914127.87996,4224171.75525,0,0,1,1
1914799.13918,4221925.02145,0,0,1,1
1912967.51097,4224816.7183,0,0,1,0
1914636.17893,4224964.19322,0,0,1,0
1913994.78065,4221724.38085,0,0,0,1
1912542.20078,4223532.0397,1,0,0,0
1914932.13437,4225264.24352,0,1,0,0
1913791.90761,4222790.1489,0,0,1,0
1915112.00667,4222169.40189,0,0,1,0
1914416.73588,4221690.89083,0,0,0,1
1914164.51052,4222095.14009,1,0,0,0
1915329.59522,4222392.5619,0,0,1,0
1912659.15255,4221925.42725,1,0,1,1
1912653.1989,4222070.4421,0,0,1,0
1915600.59701,4224595.02166,0,0,1,0
1914941.19873,4225123.7688,0,0,1,0
1914883.43744,4222385.42625,1,0,1,1
1915390.19708,4224808.18411,0,0,1,0
1912445.85119,4223609.6205,1,1,1,0
1915380.23072,4224592.86296,0,0,1,0
1915058.76325,4222513.42122,1,0,0,0
1914967.42043,4222552.40952,0,0,1,1
1915610.82225,4222835.99024,1,0,0,1
1915157.68972,4222026.69513,0,0,1,0
1912658.70403,4223225.37389,0,0,1,0
1913667.8117,4225161.40448,0,0,1,1
1915733.06809,4224594.95121,0,0,1,0
1912392.15478,4222146.0407,1,0,0,1
1914212.90106,4222059.29317,0,0,0,1
1915314.68544,4222374.77392,0,1,0,0
1914941.08488,4222572.41371,0,1,1,0
1914958.47248,4223284.31211,0,0,1,0
1914527.84329,4221466.96776,0,0,0,1
1914746.08357,4221637.3016,0,0,1,0
1914342.90244,4221939.35387,0,0,1,0
1914514.07173,4221680.89112,0,0,1,0
1915582.16546,4225004.79225,0,0,0,1
1914181.92763,4222798.43833,0,0,1,1
1913794.64675,4224814.59136,0,0,0,1
1914553.14372,4224187.60632,1,0,1,1
1914309.39468,4221711.45565,0,0,1,1
1914969.34374,4225218.50521,1,1,0,0
1912530.1139,4222538.42124,0,0,0,1
1913754.12877,4225227.98962,0,0,1,0
1915212.96911,4222852.83749,0,0,1,0
1915028.30086,4222410.95482,0,0,1,0
1914094.43542,4224572.22249,1,0,1,0
1915129.13902,4224994.04637,0,0,1,0
1914292.07126,4224069.66253,1,1,0,0
1915287.70935,4223077.73064,1,0,0,1
1912815.11253,4221775.47646,0,0,1,1
1915186.10603,4222170.5448,0,0,1,0
1915315.71421,4224799.61562,0,0,1,0
1913857.01517,4223364.26586,1,0,0,0
1913853.36212,4223143.10626,0,1,1,0
1915612.52869,4224460.87347,0,0,1,0
1915250.04608,4225058.47824,1,1,0,0
1914366.56051,4222050.85179,0,0,1,0
1914258.51475,4224466.43214,0,0,1,0
1913907.37335,4223664.99812,0,0,0,1
1913622.28022,4223223.93583,1,0,0,0
1912790.74441,4222002.97583,1,0,1,1
1914085.38396,4224254.03629,0,0,1,0
1912677.87977,4223085.51542,1,0,0,0
1915615.31547,4225226.72335,0,0,1,1
1915007.48793,4222925.79348,0,0,1,0
1915052.91291,4222255.22565,0,0,0,1
1914202.02438,4222244.23635,0,0,1,0
1913939.766,4221617.76613,1,0,0,1
1913711.0234,4223050.27802,0,0,0,1
1912402.66257,4221827.46658,1,0,1,1
1914686.32602,4224065.26718,0,0,1,0
1914116.97528,4224297.33379,0,1,0,0
1912552.04923,4222712.39988,0,0,0,1
1913868.18883,4221581.18734,1,0,0,0
1914660.93004,4221293.42566,0,0,1,1
1914931.51557,4222603.69572,1,1,1,0
1915485.22361,4223277.66088,1,0,0,0
1913077.11719,4221989.5922,0,0,1,1
1913014.62802,4224791.88683,0,1,0,0
1914718.44027,4221750.84709,0,0,1,0
1913328.03541,4224529.83828,0,0,1,0
1913697.8534,4225134.28978,0,0,1,0
1914352.692,4221911.78327,0,0,0,1
1914973.67,4225277.97271,0,0,1,0
1914743.58126,4225463.95826,0,0,1,0
1912441.81827,4222359.90154,0,0,0,1
1915467.89024,4224469.20946,0,0,1,0
1915316.86765,4225072.78607,0,0,1,0
1916002.39509,4223175.74012,0,0,1,0
1914220.43499,4222260.54654,0,0,0,1
1915645.64803,4225365.62853,0,0,1,0
1914740.57753,4221741.53168,0,0,1,0
1912921.58014,4224941.87012,0,0,0,1
1913719.2261,4223318.14718,0,1,0,0
1915281.1476,4221970.02337,0,0,1,0
1915407.6471,4224621.96912,0,0,1,0
1915004.67079,4221995.71772,1,0,0,0
1915757.45637,4225359.69373,0,0,1,0
1913840.63221,4223515.50994,0,0,0,1
1913978.3545,4221725.95419,0,1,0,0
1913042.56148,4222800.67426,0,0,0,1
1914292.02001,4221686.59998,0,0,1,0
1913436.19606,4225470.72567,1,0,1,1
1912653.14188,4223130.58643,0,0,0,1
1913750.03543,4223291.97846,0,1,1,0
1912949.51865,4224814.76386,0,0,1,0
1915383.09149,4224633.34599,0,0,1,0
1914298.23116,4221988.60634,0,0,1,0
1913465.73204,4225406.87112,1,0,1,0
1915507.73185,4223171.35719,0,0,1,1
1912400.20044,4221750.03058,1,0,1,1
1913440.49946,4225500.64977,0,0,1,1
1913808.28938,4221501.79639,0,0,1,0
1914152.75623,4222561.87997,0,1,0,1
1914204.34907,4222278.80635,0,0,0,1
1914914.24423,4224503.87653,0,0,1,0
1914445.68364,4224116.54331,0,0,0,1
1913003.10933,4222698.35905,0,0,1,0
1915287.76046,4224743.08051,0,0,1,0
1914060.10497,4221833.78672,0,1,0,0
1914449.72804,4224215.66253,0,0,0,1
1914446.20561,4224315.07157,0,0,1,0
1915626.39772,4225085.54299,0,0,1,1
1914208.86759,4222126.08417,0,0,1,0
1914314.07135,4224056.74961,0,0,1,0
1914896.0583,4225352.89755,0,0,0,1
1915552.18937,4222758.86739,0,0,0,1
1914959.13735,4223282.84327,0,0,1,0
1913465.96026,4225627.97022,1,0,1,1
1913748.82219,4223110.617,0,0,0,1
1914668.9026,4221725.0623,0,1,1,0
1914911.34707,4225312.14413,0,0,1,0
1912646.08617,4221827.96323,1,0,1,1
1914948.03602,4225245.31422,0,1,1,0
1914887.95711,4222674.10134,1,1,1,1
1915344.54204,4225085.27231,0,0,1,0
1913546.59004,4223686.04267,0,0,0,1
1914314.49062,4224109.88037,0,0,1,0
1912961.95013,4222380.68803,0,0,1,0
1914703.89485,4221320.08305,0,0,1,0
1913433.63366,4224754.77001,0,0,1,0
1914934.76413,4222912.70294,0,0,0,1
1915223.04987,4222577.60327,0,0,1,0
1914643.92537,4221723.69022,0,0,1,0
1915056.5107,4224955.91116,1,0,1,1
1914378.09395,4224031.59117,0,0,1,0
1915244.29464,4225351.10346,0,0,1,0
1914797.1105,4224676.99693,0,0,0,1
1914916.06362,4222628.99406,0,0,1,1
1914735.46599,4221560.26977,0,1,1,0
1913026.92878,4225720.80493,0,0,1,1
1915567.96299,4224572.67306,1,0,1,0
1915005.93846,4223304.38729,0,0,1,0
1913678.92449,4225256.94969,0,0,1,0
1912494.51191,4221870.1079,1,0,1,1
1913015.70167,4222095.96046,1,0,1,1
1912564.49727,4224701.97704,0,0,1,0
1916063.81153,4223191.99059,1,0,0,0
1912826.75264,4221955.99712,0,0,0,1
1913463.93708,4225622.72206,0,0,1,0
1913547.98219,4225174.38001,1,1,1,1
1914288.71931,4221778.25483,0,0,1,0
1913256.31954,4224534.19732,0,0,1,0
1914421.81736,4221523.39179,0,0,1,1
1915676.73285,4222693.94468,0,0,0,1
1913545.34436,4225166.64076,1,1,1,0
1915165.51296,4221458.03209,0,0,0,1
1914291.48108,4224115.95616,0,0,1,0
1916121.41975,4223236.99721,0,0,1,1
1914961.0596,4225290.25315,0,0,1,0
1913247.66593,4223068.04964,0,0,0,1
1913943.34644,4221962.29763,0,0,0,1
1912875.27575,4221434.08106,0,0,1,0
1915714.19507,4224594.61183,0,0,0,1
1913822.57952,4223445.40462,0,0,1,1
1914106.69501,4222855.7616,0,0,0,1
1912577.58922,4223711.33788,0,0,1,0
1914849.68262,4221504.46718,0,0,1,1
1913784.16116,4223164.42922,0,0,0,1
1915057.56294,4225624.28838,0,0,0,1
1915072.02881,4223854.03809,0,0,1,0
1913766.39712,4223584.06737,0,0,1,0
1913632.52308,4223326.79344,0,1,1,1
1913786.81683,4224855.83543,0,1,1,1
1914744.67683,4224647.91244,0,0,0,1
1913292.95512,4223018.03565,1,1,0,1
1915093.08852,4222834.77156,0,0,1,0
1915480.00308,4224459.14959,0,0,1,0
1913858.82501,4223164.73475,0,1,0,0
1912937.00187,4225701.98339,0,0,0,1
1915346.86622,4222694.58671,0,0,0,1
1913408.45849,4225599.70698,0,0,1,0
1915972.31351,4223589.10637,0,0,0,1
1914310.64462,4224495.39688,0,0,1,0
1914454.99047,4222799.36119,0,0,1,0
1913951.95451,4224511.47679,0,1,0,0
1914520.06669,4222116.08255,1,0,0,0
1914926.2317,4222233.53228,0,1,0,0
1912507.65464,4223682.93721,0,0,1,0
1915147.11264,4224997.98377,0,0,1,0
1914645.64792,4221468.57492,0,0,1,0
1914961.45061,4224442.6307,0,1,0,0
1915339.12809,4225086.58241,0,0,1,0
1915443.76478,4224489.35844,0,0,1,0
1914624.02157,4222215.72407,0,0,0,1
1912601.55882,4223222.3818,0,0,1,0
1913756.28723,4223634.9906,0,0,1,1
1915585.96573,4223056.73443,1,0,0,0
1915366.56569,4225344.06838,0,0,1,0
1915363.51581,4225245.30741,0,0,1,0
1913817.88487,4221590.34562,0,0,1,0
1914138.52299,4224177.66455,0,0,1,0
1914976.53772,4222783.46334,0,0,1,1
1914911.68995,4222225.07252,1,0,0,0
1914413.16116,4223841.68823,0,0,0,1
1914763.93573,4225383.8727,0,1,1,0
1914816.69381,4221944.55735,1,0,1,1
1915289.29075,4224751.49133,0,0,1,1
1913152.74651,4225274.77926,1,0,0,1
1915024.38567,4224643.20156,0,0,1,0
1915338.03925,4225341.05149,0,0,1,0
1913988.58942,4221640.30655,0,0,1,1
1915657.67993,4222608.84229,0,1,0,0
1912997.80087,4222991.33857,0,0,0,1
1912616.53254,4221886.03019,0,0,1,0
1912812.31955,4221683.54851,0,0,1,0
1913876.3213,4223400.27728,0,0,0,1
1915666.17685,4224477.13845,0,0,0,1
1914114.00277,4222637.93391,0,0,0,1
1916189.02908,4223280.26776,0,0,1,0
1914228.65126,4221950.08471,0,0,0,1
1915238.70092,4225727.02471,0,0,1,0
1912777.43181,4221752.42243,1,0,0,1
1915512.02053,4222940.98604,0,0,0,1
1913487.83697,4225191.11032,1,0,1,1
1914442.51992,4221963.95073,1,0,0,0
1913980.78948,4223182.28362,0,0,1,0
1915513.7147,4222944.93949,0,0,0,1
1912501.26644,4221945.27883,0,0,1,1
1914139.24313,4221872.22847,0,1,1,1
1915142.05791,4222322.31921,0,0,0,1
1912661.30535,4223058.05319,0,1,1,0
1913497.7202,4225338.0287,1,0,1,1
1913238.15026,4224603.88692,0,1,0,1
1915055.20029,4224783.03373,1,0,1,1
1912675.06472,4223192.10258,0,0,1,0
1914855.89275,4222325.78988,1,0,0,1
1913738.00819,4223611.39273,0,0,1,0
1914772.23793,4225364.35259,0,0,1,0
1913413.7914,4225291.47532,1,1,1,0
1915323.45312,4224649.42412,0,0,1,0
1915216.33384,4222552.59852,0,0,0,1
1914744.01853,4222716.98858,0,0,1,0
1915201.36197,4222186.22841,0,0,1,0
1913763.25323,4225229.01089,0,0,0,1
1913147.75877,4224512.11593,0,0,1,1
1915650.42762,4222527.38469,0,0,0,1
1915394.74504,4224632.29263,1,0,1,0
1915413.7212,4222973.03723,0,0,0,1
1911952.68368,4226287.17397,0,0,1,0
1914955.57366,4224423.47416,0,0,1,0
1914542.28714,4224096.06043,0,0,0,1
1915406.73908,4223138.14028,0,0,1,0
1913998.20057,4223205.75113,0,1,1,0
1915215.78989,4224858.24169,0,0,1,0
1914388.65631,4224038.74095,1,0,1,0
1915244.76427,4221793.29609,0,0,1,0
1915571.89131,4222730.71751,0,0,0,1
1913162.32317,4222766.87415,0,0,1,0
1914680.76894,4221731.4224,0,0,1,0
1915300.57761,4225847.53656,0,1,1,1
1912442.01209,4222156.45137,0,0,1,0
1915039.82459,4221433.44052,0,0,1,0
1912845.63045,4221720.91585,0,0,1,0
1911971.61028,4226306.05629,0,0,1,0
1913583.77311,4224666.21528,0,0,1,1
1913624.12814,4223233.00091,1,0,1,0
1912511.67991,4222155.9873,0,0,1,0
1913889.47481,4223270.32039,0,0,1,1
1915128.97957,4221581.70592,0,0,1,1
1916052.44378,4223202.41059,0,0,1,0
1914543.03089,4221801.73379,0,0,1,0
1915404.41838,4222956.721,1,0,1,0
1915442.33538,4224740.1068,0,0,1,0
1912936.67803,4224800.36012,0,0,1,0
1912455.44589,4222623.32751,1,0,0,0
1915610.30649,4225273.88268,0,0,1,0
1913024.19327,4225766.65723,0,0,0,1
1915206.67666,4222619.4917,1,0,0,0
1913086.96302,4221987.73835,0,1,1,0
1914788.77188,4221987.75253,1,0,0,0
1915017.06662,4224486.13428,0,1,0,0
1912514.40887,4222468.86187,0,0,0,1
1913230.11408,4225581.17234,0,0,1,0
1912595.94534,4222742.75022,0,0,0,1
1915229.24507,4224843.6896,1,0,0,1
1915109.23943,4222843.14923,0,0,1,0
1914911.78835,4224453.81077,0,1,1,0
1915254.35163,4225153.69089,0,0,1,0
1914901.92831,4225280.06905,0,1,0,0
1914737.69153,4222853.9439,0,0,1,0
1912398.2253,4221737.34782,0,0,1,0
1914457.1166,4224299.15938,0,0,1,0
1915704.68537,4222527.81899,0,0,1,0
1912665.11787,4223051.80521,0,1,0,0
1915715.56677,4223554.53257,0,0,0,1
1914097.78977,4222544.13623,0,1,1,1
1913652.42431,4222630.40559,0,0,0,1
1915278.08634,4225271.56854,0,0,1,0
1914295.67757,4221305.82369,0,0,1,0
1913468.77213,4225602.73107,1,0,1,1
1914416.69561,4224055.09828,1,1,1,0
1915075.66646,4225224.7172,0,0,1,0
1913492.92177,4225348.79351,0,0,1,1
1916186.13701,4223262.14289,0,0,1,1
1913895.74429,4221713.51355,0,0,1,0
1913382.28395,4224741.93766,0,0,0,1
1913441.84287,4223886.39653,0,1,1,0
1915643.95056,4222610.02634,0,0,1,0
1914792.53567,4225434.94271,0,0,1,1
1914261.48241,4224079.93132,0,0,1,0
1913371.62746,4225485.58946,0,0,1,1
1915038.68052,4224777.58453,0,0,1,0
1914896.32948,4222295.41925,0,0,1,0
1915283.46051,4225024.99745,0,0,1,0
1914254.33229,4224471.487,0,0,1,0
1912478.02738,4221688.41179,0,0,1,0
1913493.38364,4225161.50309,0,0,1,0
1913458.57285,4225422.81307,1,0,1,1
1913404.58281,4225588.6634,0,0,1,1
1915598.73242,4222837.13997,1,0,0,1
1914519.38616,4221679.83828,0,0,1,0
1913424.15812,4225643.03278,0,0,0,1
1914562.20657,4221737.01213,1,1,1,1
1914661.36104,4222899.70061,0,0,1,0
1914418.88892,4221374.66491,0,0,0,1
1912707.42096,4221777.35336,0,0,1,0
1912592.36564,4222668.66942,0,0,1,0
1914222.83924,4221918.05691,0,0,0,1
1913100.89043,4221966.74489,0,0,1,0
1912520.41176,4222460.4579,0,0,1,0
1914622.49635,4221692.86467,0,0,1,0
1915458.86902,4224510.15253,0,0,1,0
1915123.38167,4224673.81396,0,0,0,1
1914748.31307,4222427.51377,0,0,0,1
1915289.98523,4223034.62936,1,0,1,0
1915613.1321,4225067.01765,0,0,1,0
1915039.43945,4224751.36987,0,0,1,0
1915528.69598,4224574.86031,0,0,1,0
1915256.12983,4222904.36835,1,1,0,1
1913236.0767,4222839.20247,0,0,0,1
1914921.84099,4222628.74066,1,0,1,0
1915228.51775,4224665.68272,1,0,0,1
1914352.98618,4221828.12319,0,0,0,1
1914212.67261,4222073.59832,0,0,0,1
1914985.74119,4225252.79294,1,1,1,0
1914530.49427,4221865.38557,1,0,0,0
1912703.70772,4223088.33981,0,0,1,0
1914241.27466,4221720.1519,1,0,1,1
1915821.91621,4223505.68791,0,1,0,0
1914464.05465,4224134.29317,0,1,1,0
1914038.93969,4224370.40108,0,1,0,0
1915272.67688,4225381.01003,0,0,1,0
1913862.12946,4223193.31868,0,0,1,0
1912598.57152,4221904.61327,0,0,1,0
1915903.11955,4223137.2027,0,0,1,0
1914337.52926,4222101.69548,0,0,0,1
1914320.62981,4222561.66381,0,0,0,1
1914855.45363,4222597.93234,0,0,1,0
1914232.14181,4221996.3824,0,0,1,1
1913652.14617,4225129.92997,0,0,1,0
1914314.4375,4224222.55783,0,0,0,1
1913939.06635,4221734.86765,0,0,0,1
1913639.62236,4223098.14957,0,1,0,0
1914288.4587,4224099.21081,0,0,1,0
1914919.81586,4225308.14095,1,1,1,1
1915038.48727,4224775.55122,0,0,1,0
1915135.33246,4224649.63994,0,0,0,1
1913850.32458,4223211.09245,0,1,1,1
1915195.6795,4224553.40851,0,0,0,1
1914175.89703,4224042.61205,0,0,1,1
1915544.33252,4223471.44176,0,0,1,0
1915268.90936,4222280.56734,0,0,1,0
1913654.18733,4225154.99468,0,0,1,0
1915243.26182,4222905.61493,0,0,0,1
1913970.89697,4221638.3598,0,0,0,1
1915153.77714,4224658.30431,0,0,0,1
1913994.47043,4222421.43669,0,0,0,1
1914886.90578,4222870.32941,0,0,1,0
1912846.3035,4221935.5563,1,0,0,1
1915322.14987,4222230.27671,0,0,1,1
1914036.50082,4221717.63887,1,0,1,1
1912499.57742,4221797.79771,0,0,1,0
1915095.47925,4222865.51917,0,0,1,0
1914336.62448,4223369.67818,0,0,1,0
1914568.84893,4221906.55472,0,0,1,1
1915219.83806,4222306.33034,0,0,1,0
1913808.2076,4225072.21828,1,1,1,1
1915252.58285,4222033.73711,0,0,0,1
1914113.20053,4222656.24791,1,0,1,1
1912592.0516,4222374.5425,0,0,0,1
1914780.3768,4225416.24631,0,0,0,1
1915648.60329,4224197.61063,0,0,0,1
1914298.11807,4221995.64442,0,0,0,1
1915515.80933,4224252.68624,0,0,1,0
1915256.04794,4221965.6625,0,0,1,0
1914659.3698,4225371.9111,0,0,1,0
1915512.32858,4222948.61667,0,0,0,1
1913839.6687,4223158.24952,0,0,1,0
1915487.01189,4222582.81979,0,0,1,0
1915378.93303,4225300.5844,1,0,0,0
1914389.52195,4224036.84465,0,1,1,0
1912437.63655,4223519.78152,0,0,1,0
1915372.94354,4222744.44043,1,1,0,1
1915354.00889,4225177.98421,0,0,1,0
1912505.65214,4222202.73272,0,0,1,0
1915247.88795,4221812.47052,1,1,1,1
1912660.23141,4223929.38827,0,0,1,0
1914766.65746,4225418.08621,0,1,0,0
1914225.19189,4222785.49649,1,1,0,1
1915089.95544,4225200.34081,0,0,1,1
1916055.65408,4223187.89445,0,0,1,0
1915269.05068,4224746.64171,0,0,1,0
1915052.3879,4222173.90053,0,1,0,0
1913160.08695,4224572.72542,0,0,0,1
1915220.70926,4224852.08277,0,0,1,0
1913942.08245,4223176.44739,0,0,1,0
1915621.10879,4224594.81854,0,0,1,1
1913948.15684,4223177.61693,0,0,0,1
1914135.02288,4221790.83909,0,0,1,0
1914981.6024,4224476.99334,1,0,1,0
1913098.70856,4222793.78773,1,0,0,0
1913976.69057,4221702.78923,0,0,0,1
1913290.56283,4224530.17005,0,0,1,0
1915645.75539,4223507.36551,0,0,1,0
1914606.47799,4221800.73237,1,0,1,0
1914773.77341,4225367.77065,0,1,1,0
1915104.12894,4225218.86776,0,0,0,1
1915248.82507,4224690.97017,0,0,0,1
1913813.98672,4221506.72401,0,0,1,0
